"epoch","val.loss","val.mae","loss","mae"
1,0.222596168518066,0.0326142869889736,0.33284604549408,0.0399880483746529
