"epoch","val.loss","val.mae","loss","mae"
1,0.334062427282333,0.0441278256475925,0.42788627743721,0.0490528270602226
